lakeid,year4,daynum,sampledate,sta,nsnow,avsnow,sdsnow,wlevel,totice,nice,whiteice,blueice
"AL","2000","26","2000-01-26 00:00:00","1","10","14.3","","-7.0","31.0","1","6.0","25.0"
"AL","2000","55","2000-02-24 00:00:00","1","10","10.6","","-4.0","38.0","1","10.0","28.0"
"AL","2001","26","2001-01-26 00:00:00","1","10","10.5","","1.0","42.0","1","13.0","29.0"
"AL","2001","61","2001-03-02 00:00:00","1","10","23.1","","0.0","44.0","1","21.0","23.0"
"AL","2001","92","2001-04-02 00:00:00","1","10","5.4","","3.0","55.0","1","28.0","27.0"
"AL","2002","23","2002-01-23 00:00:00","1","10","4.1","","0.5","24.0","1","2.0","22.0"
"AL","2002","64","2002-03-05 00:00:00","1","10","11.2","","1.0","45.0","1","12.0","33.0"
"AL","2002","94","2002-04-04 00:00:00","1","10","10.0","","2.0","62.0","1","30.0","32.0"
"AL","2003","24","2003-01-24 00:00:00","1","10","1.7","","3.0","56.0","1","0.0","56.0"
"AL","2003","57","2003-02-26 00:00:00","1","10","11.7","","1.0","67.0","1","2.0","65.0"
"AL","2004","14","2004-01-14 00:00:00","1","10","18.3","","0.0","41.5","1","6.5","35.0"
"AL","2004","50","2004-02-19 00:00:00","1","10","27.1","","0.0","54.0","1","10.0","44.0"
"AL","2004","91","2004-03-31 00:00:00","1","10","0.9","","5.0","56.0","1","17.0","39.0"
"AL","2005","10","2005-01-10 00:00:00","1","10","4.1","","4.0","41.0","1","17.0","24.0"
"AL","2005","54","2005-02-23 00:00:00","1","10","10.9","","3.0","53.0","1","16.0","37.0"
"AL","2005","91","2005-04-01 00:00:00","1","10","1.0","","4.0","49.0","1","10.0","39.0"
"AL","2006","10","2006-01-10 00:00:00","1","10","18.3","","-1.0","31.0","1","6.0","25.0"
"AL","2006","58","2006-02-27 00:00:00","1","10","19.7","","0.0","49.0","1","26.0","23.0"
"AL","2006","87","2006-03-28 00:00:00","1","10","2.9","","3.0","57.0","1","33.0","24.0"
"AL","2007","24","2007-01-24 00:00:00","1","10","7.7","","1.0","32.0","1","7.0","25.0"
"AL","2007","54","2007-02-23 00:00:00","1","10","3.6","","3.0","49.0","1","3.0","46.0"
"AL","2007","85","2007-03-26 00:00:00","1","1","0.0","","3.0","38.0","1","0.0","38.0"
"AL","2008","15","2008-01-15 00:00:00","1","10","8.3","","1.0","35.0","1","9.0","26.0"
"AL","2008","63","2008-03-03 00:00:00","1","10","16.9","","0.0","51.0","1","13.0","38.0"
"AL","2008","85","2008-03-25 00:00:00","1","10","17.9","","-2.0","53.0","1","14.0","39.0"
"AL","2009","20","2009-01-20 00:00:00","1","10","19.5","","0.0","45.0","1","12.0","33.0"
"AL","2009","54","2009-02-23 00:00:00","1","10","5.4","","2.0","61.0","1","15.0","46.0"
"AL","2009","76","2009-03-17 00:00:00","1","1","0.0","","5.0","60.0","1","12.0","48.0"
"AL","2010","19","2010-01-19 00:00:00","1","10","6.1","","1.0","33.0","1","17.0","16.0"
"AL","2010","47","2010-02-16 00:00:00","1","10","14.9","","1.0","46.0","1","15.0","31.0"
"AL","2010","81","2010-03-22 00:00:00","1","","0.0","","2.0","24.0","","3.0","21.0"
"AL","1982","26","1982-01-26 00:00:00","1","10","14.4","3.8","2.0","52.5","1","19.1","33.4"
"AL","1982","54","1982-02-23 00:00:00","1","10","12.6","3.2","0.4","59.8","1","18.6","41.2"
"AL","1982","95","1982-04-05 00:00:00","1","10","3.0","1.8","5.0","62.3","1","31.2","31.1"
"AL","1982","334","1982-11-30 00:00:00","1","1","0.0","0.0","0.0","9.3","1","0.0","9.3"
"AL","1983","17","1983-01-17 00:00:00","1","10","28.0","1.6","1.0","34.0","1","7.0","27.0"
"AL","1983","49","1983-02-18 00:00:00","1","10","28.2","1.5","0.0","36.0","1","5.0","31.0"
"AL","1983","82","1983-03-23 00:00:00","1","10","9.8","1.1","1.0","36.0","1","11.0","25.0"
"AL","1984","6","1984-01-06 00:00:00","1","10","3.5","1.3","","37.7","1","18.3","19.4"
"AL","1984","60","1984-02-29 00:00:00","1","10","0.3","0.3","5.0","50.0","1","17.0","33.0"
"AL","1984","94","1984-04-03 00:00:00","1","10","1.5","0.7","4.0","56.0","1","21.0","35.0"
"AL","1985","7","1985-01-07 00:00:00","1","0","","","","31.5","1","10.3","21.2"
"AL","1985","56","1985-02-25 00:00:00","1","10","13.8","4.5","-0.5","47.0","1","9.0","38.0"
"AL","1985","86","1985-03-27 00:00:00","1","2","0.5","0.7","3.0","51.0","1","9.0","42.0"
"AL","1986","16","1986-01-16 00:00:00","1","10","17.1","2.0","0.0","32.0","1","12.0","20.0"
"AL","1986","62","1986-03-03 00:00:00","1","10","22.6","1.6","0.0","48.0","1","24.0","24.0"
"AL","1986","90","1986-03-31 00:00:00","1","4","1.5","1.0","","","","",""
"AL","1987","20","1987-01-20 00:00:00","1","10","6.5","1.4","1.0","40.0","1","8.0","32.0"
"AL","1987","55","1987-02-24 00:00:00","1","10","15.4","1.3","0.0","47.0","1","6.0","41.0"
"AL","1987","78","1987-03-19 00:00:00","1","1","0.0","","4.0","54.0","","8.0","46.0"
"AL","1988","11","1988-01-11 00:00:00","1","10","18.9","2.0","-2.0","21.5","2","15.5","6.0"
"AL","1988","62","1988-03-02 00:00:00","1","10","5.2","0.7","4.0","58.0","4","52.0","6.0"
"AL","1988","81","1988-03-21 00:00:00","1","10","8.3","1.5","4.0","61.0","2","51.0","10.0"
"AL","1989","11","1989-01-11 00:00:00","1","10","22.9","","-3.0","38.0","1","0.0","38.0"
"AL","1989","65","1989-03-06 00:00:00","1","10","27.8","","-2.5","55.0","1","11.0","44.0"
"AL","1989","86","1989-03-27 00:00:00","1","10","","","-4.5","60.5","1","18.0","42.5"
"AL","1990","24","1990-01-24 00:00:00","1","10","31.8","","-3.0","40.0","1","1.0","39.0"
"AL","1990","58","1990-02-27 00:00:00","1","10","14.2","","1.0","53.0","1","17.0","36.0"
"AL","1990","86","1990-03-27 00:00:00","1","1","0.0","","2.0","44.0","1","3.0","41.0"
"AL","1991","17","1991-01-17 00:00:00","1","10","15.6","","0.0","32.0","1","1.0","31.0"
"AL","1991","50","1991-02-19 00:00:00","1","10","16.0","","0.0","45.0","1","5.0","40.0"
"AL","1991","84","1991-03-25 00:00:00","1","1","0.0","","2.0","53.0","1","13.0","40.0"
"AL","1992","17","1992-01-17 00:00:00","1","10","15.7","","-1.0","34.0","1","12.0","22.0"
"AL","1992","64","1992-03-04 00:00:00","1","10","12.3","","-15.0","35.0","1","10.0","25.0"
"AL","1992","83","1992-03-23 00:00:00","1","10","4.1","","4.0","48.0","1","20.0","28.0"
"AL","1993","8","1993-01-08 00:00:00","1","10","16.9","","0.5","35.5","1","12.5","23.0"
"AL","1993","54","1993-02-23 00:00:00","1","10","10.0","","5.0","49.0","1","17.0","32.0"
"AL","1993","82","1993-03-23 00:00:00","1","10","8.1","","2.0","58.5","1","19.5","39.0"
"AL","1994","10","1994-01-10 00:00:00","1","10","18.2","","-2.0","30.0","1","5.0","25.0"
"AL","1994","53","1994-02-22 00:00:00","1","1","0.0","","3.0","44.0","1","9.0","35.0"
"AL","1994","88","1994-03-29 00:00:00","1","10","18.2","","0.0","42.0","1","6.0","36.0"
"AL","1995","11","1995-01-11 00:00:00","1","10","2.7","","1.5","40.0","1","33.5","6.5"
"AL","1995","52","1995-02-21 00:00:00","1","10","14.3","","0.0","53.0","1","3.0","50.0"
"AL","1996","16","1996-01-16 00:00:00","1","10","24.2","","-1.0","38.0","1","",""
"AL","1996","51","1996-02-20 00:00:00","1","10","18.9","","1.0","57.0","1","41.0","16.0"
"AL","1996","99","1996-04-08 00:00:00","1","10","20.7","","8.0","68.0","1","37.0","31.0"
"AL","1997","20","1997-01-20 00:00:00","1","10","11.6","","2.0","46.0","1","26.0","20.0"
"AL","1997","57","1997-02-26 00:00:00","1","10","13.5","","0.0","52.0","1","24.0","28.0"
"AL","1997","78","1997-03-19 00:00:00","1","10","31.2","","-2.0","57.0","1","30.0","27.0"
"AL","1998","19","1998-01-19 00:00:00","1","10","24.3","","-4.0","30.0","1","4.0","26.0"
"AL","1998","55","1998-02-24 00:00:00","1","1","0.0","","3.0","42.0","1","18.0","24.0"
"AL","1998","75","1998-03-16 00:00:00","1","10","8.4","","2.0","37.0","1","15.0","22.0"
"AL","1999","21","1999-01-21 00:00:00","1","10","20.5","","-4.0","27.0","1","2.0","25.0"
"AL","1999","56","1999-02-25 00:00:00","1","10","14.5","","3.0","49.0","1","22.0","27.0"
"AL","1999","82","1999-03-23 00:00:00","1","10","0.5","","6.0","54.0","1","20.0","34.0"
"BM","2000","24","2000-01-24 00:00:00","1","10","20.2","","-1.0","39.0","1","2.0","37.0"
"BM","2000","54","2000-02-23 00:00:00","1","10","24.8","","-4.0","43.0","1","6.0","37.0"
"BM","2001","18","2001-01-18 00:00:00","1","10","24.6","","-15.0","24.0","1","0.0","24.0"
"BM","2001","54","2001-02-23 00:00:00","1","10","20.6","","1.0","42.0","1","7.0","35.0"
"BM","2001","96","2001-04-06 00:00:00","1","10","1.0","","5.0","49.0","1","20.0","29.0"
"BM","2002","22","2002-01-22 00:00:00","1","10","4.9","","0.0","29.0","1","0.0","29.0"
"BM","2002","57","2002-02-26 00:00:00","1","10","18.1","","-2.0","42.0","1","2.0","40.0"
"BM","2002","106","2002-04-16 00:00:00","1","1","0.0","","3.0","31.0","1","0.0","31.0"
"BM","2003","30","2003-01-30 00:00:00","1","10","7.0","","4.0","64.0","1","0.0","64.0"
"BM","2003","52","2003-02-21 00:00:00","1","10","10.7","","3.0","70.0","1","0.0","70.0"
"BM","2003","91","2003-04-01 00:00:00","1","10","12.1","","2.0","60.0","1","2.0","58.0"
"BM","2004","26","2004-01-26 00:00:00","1","10","14.3","","2.0","49.0","1","8.0","41.0"
"BM","2004","62","2004-03-02 00:00:00","1","10","21.0","","-10.0","61.0","1","19.0","42.0"
"BM","2004","96","2004-04-05 00:00:00","1","1","0.0","","2.0","50.0","1","10.0","40.0"
"BM","2005","11","2005-01-11 00:00:00","1","10","5.0","","3.0","40.0","1","0.0","40.0"
"BM","2005","55","2005-02-24 00:00:00","1","10","9.1","","3.0","56.0","1","6.0","50.0"
"BM","2005","94","2005-04-04 00:00:00","1","1","0.0","","4.0","54.0","1","4.0","50.0"
"BM","2006","16","2006-01-16 00:00:00","1","10","13.6","","-2.0","26.0","1","0.0","26.0"
"BM","2006","52","2006-02-21 00:00:00","1","10","12.9","","2.0","43.0","1","14.0","29.0"
"BM","2006","94","2006-04-04 00:00:00","1","1","0.0","","4.0","41.0","1","13.0","28.0"
"BM","2007","17","2007-01-17 00:00:00","1","10","3.8","","1.0","28.0","1","6.0","22.0"
"BM","2007","58","2007-02-27 00:00:00","1","10","12.9","","2.0","57.0","1","10.0","47.0"
"BM","2007","89","2007-03-30 00:00:00","1","1","0.0","","2.0","35.0","1","0.0","35.0"
"BM","2008","16","2008-01-16 00:00:00","1","10","10.2","","0.0","36.0","1","10.0","26.0"
"BM","2008","57","2008-02-26 00:00:00","1","10","18.0","","0.0","57.0","1","17.0","40.0"
"BM","2008","86","2008-03-26 00:00:00","1","10","21.3","","-2.0","53.0","1","13.0","40.0"
"BM","2009","21","2009-01-21 00:00:00","1","10","20.2","","0.0","43.0","1","10.0","33.0"
"BM","2009","55","2009-02-24 00:00:00","1","10","4.1","","3.0","57.0","1","7.0","50.0"
"BM","2009","75","2009-03-16 00:00:00","1","1","0.0","","3.0","56.0","1","7.0","49.0"
"BM","2010","18","2010-01-18 00:00:00","1","10","3.7","","1.0","32.0","1","16.0","16.0"
"BM","2010","43","2010-02-12 00:00:00","1","10","8.6","","2.0","46.0","1","17.0","29.0"
"BM","1982","25","1982-01-25 00:00:00","1","10","19.9","5.8","0.0","34.3","1","10.0","24.3"
"BM","1982","56","1982-02-25 00:00:00","1","10","10.0","5.3","2.5","61.0","1","22.0","39.0"
"BM","1982","97","1982-04-07 00:00:00","1","10","3.7","2.8","3.0","55.0","1","13.0","42.0"
"BM","1983","12","1983-01-12 00:00:00","1","10","23.7","1.7","0.0","33.0","1","4.0","29.0"
"BM","1983","48","1983-02-17 00:00:00","1","10","19.0","3.4","0.0","40.0","1","11.1","28.9"
"BM","1983","82","1983-03-23 00:00:00","1","10","9.7","0.8","1.0","38.0","1","8.0","30.0"
"BM","1984","10","1984-01-10 00:00:00","1","10","9.9","3.9","","34.2","1","15.1","19.1"
"BM","1984","54","1984-02-23 00:00:00","1","0","","","6.0","49.0","1","17.0","32.0"
"BM","1984","95","1984-04-04 00:00:00","1","10","2.0","0.4","2.0","55.0","1","6.0","49.0"
"BM","1985","9","1985-01-09 00:00:00","1","10","4.8","1.0","0.0","32.0","1","1.0","31.0"
"BM","1985","57","1985-02-26 00:00:00","1","10","13.3","2.4","-0.5","48.0","1","1.0","47.0"
"BM","1985","86","1985-03-27 00:00:00","1","1","0.0","","3.0","53.0","1","6.0","47.0"
"BM","1985","101","1985-04-11 00:00:00","1","1","0.0","","8.0","56.0","1","56.0","0.0"
"BM","1986","8","1986-01-08 00:00:00","1","10","16.6","3.4","0.0","33.0","1","10.0","23.0"
"BM","1986","57","1986-02-26 00:00:00","1","10","26.2","3.9","1.0","54.0","1","29.0","25.0"
"BM","1986","91","1986-04-01 00:00:00","1","5","3.2","1.8","4.0","37.0","1","13.0","24.0"
"BM","1987","12","1987-01-12 00:00:00","1","10","5.6","3.0","1.0","37.0","1","2.0","35.0"
"BM","1987","56","1987-02-25 00:00:00","1","10","16.2","1.8","0.0","46.0","1","4.0","42.0"
"BM","1987","83","1987-03-24 00:00:00","1","1","0.0","","3.0","38.0","","38.0","0.0"
"BM","1988","12","1988-01-12 00:00:00","1","10","6.4","1.9","3.0","43.0","1","15.0","28.0"
"BM","1988","61","1988-03-01 00:00:00","1","10","8.4","2.6","1.0","67.0","1","54.0","13.0"
"BM","1988","97","1988-04-06 00:00:00","1","1","0.0","","4.0","60.0","1","0.0","60.0"
"BM","1989","17","1989-01-17 00:00:00","1","10","18.5","","-3.4","35.2","1","0.0","35.2"
"BM","1989","59","1989-02-28 00:00:00","1","10","20.7","","4.0","62.0","1","15.0","47.0"
"BM","1989","90","1989-03-31 00:00:00","1","10","","","9.0","65.0","1","13.0","52.0"
"BM","1990","23","1990-01-23 00:00:00","1","10","21.3","","-2.0","36.0","1","9.5","26.5"
"BM","1990","51","1990-02-20 00:00:00","1","10","9.9","","2.0","51.0","1","17.0","34.0"
"BM","1990","88","1990-03-29 00:00:00","1","1","0.0","","3.5","43.5","1","7.0","36.5"
"BM","1991","14","1991-01-14 00:00:00","1","10","13.6","","-1.0","31.0","1","0.0","31.0"
"BM","1991","52","1991-02-21 00:00:00","1","10","9.3","","2.0","50.0","1","2.0","48.0"
"BM","1991","85","1991-03-26 00:00:00","1","1","0.0","","2.0","51.0","1","4.0","47.0"
"BM","1992","13","1992-01-13 00:00:00","1","10","11.5","","-2.0","30.0","1","3.0","27.0"
"BM","1992","56","1992-02-25 00:00:00","1","10","23.3","","-2.0","45.0","1","17.0","28.0"
"BM","1992","87","1992-03-27 00:00:00","1","10","1.4","","4.0","51.0","1","14.0","37.0"
"BM","1993","6","1993-01-06 00:00:00","1","10","18.7","","-2.0","23.0","1","0.0","23.0"
"BM","1993","53","1993-02-22 00:00:00","1","10","8.2","","1.0","49.0","1","15.0","34.0"
"BM","1993","83","1993-03-24 00:00:00","1","10","5.0","","5.5","59.0","1","18.0","41.0"
"BM","1994","11","1994-01-11 00:00:00","1","10","16.4","","-1.0","29.0","1","0.0","29.0"
"BM","1994","55","1994-02-24 00:00:00","1","10","1.4","","2.0","42.0","1","0.0","42.0"
"BM","1994","89","1994-03-30 00:00:00","1","10","14.5","","0.0","43.0","1","0.0","43.0"
"BM","1995","11","1995-01-11 00:00:00","1","10","2.0","","2.0","36.5","1","0.0","36.5"
"BM","1995","52","1995-02-21 00:00:00","1","10","12.1","","2.0","55.0","1","5.0","50.0"
"BM","1995","82","1995-03-23 00:00:00","1","10","0.7","","2.0","45.0","1","2.0","43.0"
"BM","1996","38","1996-02-07 00:00:00","1","10","17.6","","2.0","62.0","1","29.0","33.0"
"BM","1996","54","1996-02-23 00:00:00","1","10","15.2","","2.0","63.0","1","30.0","33.0"
"BM","1996","100","1996-04-09 00:00:00","1","10","26.2","","-2.0","75.0","1","37.0","38.0"
"BM","1997","15","1997-01-15 00:00:00","1","10","9.6","","1.0","45.0","1","32.0","13.0"
"BM","1997","51","1997-02-20 00:00:00","1","10","13.0","","3.0","58.0","1","35.0","23.0"
"BM","1997","92","1997-04-02 00:00:00","1","10","9.6","","-5.0","52.0","1","27.0","25.0"
"BM","1998","15","1998-01-15 00:00:00","1","10","20.9","","-2.0","31.0","1","5.0","26.0"
"BM","1998","50","1998-02-19 00:00:00","1","10","2.0","","2.0","44.0","1","17.0","27.0"
"BM","1998","78","1998-03-19 00:00:00","1","10","8.1","","1.0","40.0","1","10.0","30.0"
"BM","1999","15","1999-01-15 00:00:00","1","10","8.6","","1.0","38.0","1","2.0","36.0"
"BM","1999","55","1999-02-24 00:00:00","1","10","21.8","","2.0","40.0","1","7.0","33.0"
"BM","1999","83","1999-03-24 00:00:00","1","10","0.5","","4.0","57.0","1","17.0","40.0"
"CB","2000","28","2000-01-28 00:00:00","1","10","17.0","","0.0","28.0","1","18.0","10.0"
"CB","2000","54","2000-02-23 00:00:00","1","10","2.3","","2.0","41.0","1","17.0","24.0"
"CB","2001","16","2001-01-16 00:00:00","1","10","23.5","","-9.0","21.0","1","13.0","8.0"
"CB","2001","60","2001-03-01 00:00:00","1","10","17.0","","0.0","40.0","1","34.0","6.0"
"CB","2001","92","2001-04-02 00:00:00","1","10","4.9","","4.0","44.0","1","37.0","7.0"
"CB","2002","22","2002-01-22 00:00:00","1","10","9.9","","0.0","20.0","1","14.0","6.0"
"CB","2002","53","2002-02-22 00:00:00","1","10","21.6","","-9.0","26.0","1","14.0","12.0"
"CB","2002","92","2002-04-02 00:00:00","1","10","7.0","","4.0","52.0","1","45.0","7.0"
"CB","2003","34","2003-02-03 00:00:00","1","10","27.3","","1.0","41.0","1","41.0","0.0"
"CB","2003","51","2003-02-20 00:00:00","1","10","16.2","","0.0","43.0","1","5.0","38.0"
"CB","2003","91","2003-04-01 00:00:00","1","10","6.7","","-4.0","31.0","1","29.0","2.0"
"CB","2004","21","2004-01-21 00:00:00","1","10","20.9","","0.0","31.0","1","11.0","20.0"
"CB","2004","58","2004-02-27 00:00:00","1","10","7.8","","2.0","53.0","1","29.0","24.0"
"CB","2004","97","2004-04-06 00:00:00","1","1","0.0","","1.0","30.0","1","13.0","17.0"
"CB","2005","12","2005-01-12 00:00:00","1","10","6.1","","2.0","35.0","1","22.0","13.0"
"CB","2005","59","2005-02-28 00:00:00","1","10","25.2","","1.0","45.0","1","19.0","26.0"
"CB","2005","90","2005-03-31 00:00:00","1","10","1.8","","0.0","39.0","1","12.0","27.0"
"CB","2006","12","2006-01-12 00:00:00","1","10","6.0","","1.0","25.0","1","13.0","12.0"
"CB","2006","54","2006-02-23 00:00:00","1","10","17.2","","2.0","37.0","1","27.0","10.0"
"CB","2006","86","2006-03-27 00:00:00","1","10","2.2","","4.0","42.0","1","37.0","5.0"
"CB","2007","22","2007-01-22 00:00:00","1","10","9.0","","1.0","27.0","1","10.0","17.0"
"CB","2007","52","2007-02-21 00:00:00","1","10","11.0","","1.0","34.0","1","13.0","21.0"
"CB","2008","28","2008-01-28 00:00:00","1","10","14.0","","1.0","33.0","1","15.0","18.0"
"CB","2008","56","2008-02-25 00:00:00","1","10","20.9","","-2.0","42.0","1","24.0","18.0"
"CB","2008","84","2008-03-24 00:00:00","1","10","16.1","","1.0","52.0","1","25.0","27.0"
"CB","2009","22","2009-01-22 00:00:00","1","10","17.9","","0.0","33.0","1","17.0","16.0"
"CB","2009","48","2009-02-17 00:00:00","1","10","5.0","","3.0","42.0","1","20.0","22.0"
"CB","2009","77","2009-03-18 00:00:00","1","1","0.0","","3.0","41.0","1","19.0","22.0"
"CB","2010","14","2010-01-14 00:00:00","1","10","12.1","","1.0","24.0","1","21.0","3.0"
"CB","2010","53","2010-02-22 00:00:00","1","10","15.3","","1.0","36.0","1","23.0","13.0"
"CB","1982","18","1982-01-18 00:00:00","1","10","13.9","0.6","-1.0","28.2","1","19.2","9.0"
"CB","1982","53","1982-02-22 00:00:00","1","10","6.7","0.5","-1.0","43.4","1","17.5","25.9"
"CB","1982","97","1982-04-07 00:00:00","1","10","5.9","0.7","3.0","41.5","1","32.0","9.5"
"CB","1982","335","1982-12-01 00:00:00","1","1","0.0","0.0","-0.5","11.0","1","0.0","11.0"
"CB","1983","11","1983-01-11 00:00:00","1","10","28.1","1.0","0.0","25.5","1","25.5","0.0"
"CB","1983","54","1983-02-23 00:00:00","1","10","5.0","0.8","0.0","32.5","1","21.0","11.5"
"CB","1983","84","1983-03-25 00:00:00","1","10","10.3","0.4","1.0","32.0","1","22.0","10.0"
"CB","1983","320","1983-11-16 00:00:00","1","0","","","","3.0","1","",""
"CB","1984","5","1984-01-05 00:00:00","1","10","12.3","1.2","","22.1","1","15.7","6.4"
"CB","1984","51","1984-02-20 00:00:00","1","10","9.1","0.6","2.5","37.0","1","21.0","16.0"
"CB","1984","100","1984-04-09 00:00:00","1","1","0.0","0.0","2.0","31.0","1","20.0","11.0"
"CB","1985","15","1985-01-15 00:00:00","1","10","10.1","0.6","1.0","28.0","1","6.0","22.0"
"CB","1985","57","1985-02-26 00:00:00","1","10","16.5","1.0","-0.5","35.0","1","9.0","26.0"
"CB","1985","85","1985-03-26 00:00:00","1","2","0.5","0.7","3.0","44.0","1","18.0","26.0"
"CB","1985","316","1985-11-12 00:00:00","1","1","0.0","","","3.0","1","0.0","3.0"
"CB","1986","13","1986-01-13 00:00:00","1","10","20.4","0.7","0.0","32.0","1","17.0","15.0"
"CB","1986","56","1986-02-25 00:00:00","1","10","27.4","0.8","-2.0","44.0","1","34.0","10.0"
"CB","1987","20","1987-01-20 00:00:00","1","10","15.0","0.0","0.0","22.0","1","17.0","5.0"
"CB","1987","54","1987-02-23 00:00:00","1","10","7.7","0.7","2.0","37.0","1","21.0","16.0"
"CB","1987","78","1987-03-19 00:00:00","1","1","0.0","","2.0","41.0","","41.0","0.0"
"CB","1988","20","1988-01-20 00:00:00","1","10","23.1","0.7","-1.0","24.0","1","20.0","4.0"
"CB","1988","60","1988-02-29 00:00:00","1","10","9.6","0.5","4.0","48.0","2","43.5","4.5"
"CB","1988","83","1988-03-23 00:00:00","1","10","4.1","0.2","3.0","46.0","3","41.0","5.0"
"CB","1989","19","1989-01-19 00:00:00","1","10","16.5","","0.0","38.5","1","22.0","16.5"
"CB","1989","52","1989-02-21 00:00:00","1","10","13.6","","1.0","42.8","1","26.0","16.8"
"CB","1989","87","1989-03-28 00:00:00","1","10","","","5.5","43.0","1","21.4","21.6"
"CB","1990","18","1990-01-18 00:00:00","1","10","8.5","","-12.5","26.5","1","20.5","6.0"
"CB","1990","58","1990-02-27 00:00:00","1","10","19.2","","1.0","46.0","1","30.0","16.0"
"CB","1990","87","1990-03-28 00:00:00","1","1","0.0","","3.0","30.0","1","17.0","13.0"
"CB","1991","15","1991-01-15 00:00:00","1","10","20.2","","-1.0","23.0","1","0.0","23.0"
"CB","1991","49","1991-02-18 00:00:00","1","10","9.4","","2.0","38.0","1","30.0","8.0"
"CB","1991","81","1991-03-22 00:00:00","1","1","0.0","","2.0","42.0","1","15.0","27.0"
"CB","1992","15","1992-01-15 00:00:00","1","10","14.4","","1.0","29.0","1","5.0","24.0"
"CB","1992","56","1992-02-25 00:00:00","1","10","29.0","","-2.0","36.0","1","31.0","5.0"
"CB","1992","85","1992-03-25 00:00:00","1","10","2.9","","1.0","38.0","1","31.0","7.0"
"CB","1993","14","1993-01-14 00:00:00","1","10","16.4","","1.0","28.0","1","17.0","11.0"
"CB","1993","56","1993-02-25 00:00:00","1","10","8.9","","4.0","44.5","1","32.5","12.0"
"CB","1993","82","1993-03-23 00:00:00","1","10","8.6","","5.0","50.0","1","33.0","17.0"
"CB","1994","17","1994-01-17 00:00:00","1","10","11.9","","2.0","29.0","1","17.0","12.0"
"CB","1994","54","1994-02-23 00:00:00","1","10","1.0","","5.0","35.0","1","15.0","20.0"
"CB","1994","89","1994-03-30 00:00:00","1","10","13.4","","-5.5","32.0","1","10.5","21.5"
"CB","1995","12","1995-01-12 00:00:00","1","10","4.9","","2.0","34.0","1","6.0","28.0"
"CB","1995","46","1995-02-15 00:00:00","1","10","18.4","","1.0","41.5","1","6.0","35.5"
"CB","1995","79","1995-03-20 00:00:00","1","1","0.0","","1.0","30.0","1","30.0","0.0"
"CB","1996","17","1996-01-17 00:00:00","1","10","27.2","","-4.0","31.0","1","31.0","0.0"
"CB","1996","51","1996-02-20 00:00:00","1","10","19.2","","0.0","45.0","1","40.0","5.0"
"CB","1996","99","1996-04-08 00:00:00","1","10","13.8","","2.0","64.0","1","54.0","10.0"
"CB","1997","13","1997-01-13 00:00:00","1","10","15.9","","1.0","42.0","1","30.0","12.0"
"CB","1997","48","1997-02-17 00:00:00","1","10","20.4","","1.0","49.0","1","41.0","8.0"
"CB","1997","100","1997-04-10 00:00:00","1","1","0.0","","4.0","39.0","1","39.0","0.0"
"CB","1998","20","1998-01-20 00:00:00","1","10","20.0","","-7.0","27.0","1","6.0","21.0"
"CB","1998","50","1998-02-19 00:00:00","1","10","0.7","","4.0","40.0","1","25.0","15.0"
"CB","1998","76","1998-03-17 00:00:00","1","10","9.1","","1.0","31.0","1","20.0","11.0"
"CB","1999","19","1999-01-19 00:00:00","1","10","15.2","","0.0","26.0","1","0.0","26.0"
"CB","1999","56","1999-02-25 00:00:00","1","10","15.0","","2.0","40.0","1","40.0","0.0"
"CB","1999","88","1999-03-29 00:00:00","1","1","0.0","","3.0","40.0","1","27.0","13.0"
"CR","2000","17","2000-01-17 00:00:00","1","10","17.8","","-2.0","30.0","1","1.0","29.0"
"CR","2000","52","2000-02-21 00:00:00","1","10","27.3","","-10.0","37.0","1","9.0","28.0"
"CR","2001","19","2001-01-19 00:00:00","1","10","25.3","","-12.0","19.0","1","0.0","19.0"
"CR","2001","51","2001-02-20 00:00:00","1","10","11.3","","0.0","37.0","1","16.0","21.0"
"CR","2001","94","2001-04-04 00:00:00","1","10","0.7","","4.0","47.0","1","22.0","25.0"
"CR","2002","15","2002-01-15 00:00:00","1","10","3.7","","0.0","19.0","1","0.0","19.0"
"CR","2002","58","2002-02-27 00:00:00","1","10","18.4","","-3.0","33.0","1","0.0","33.0"
"CR","2002","105","2002-04-15 00:00:00","1","1","0.0","","3.0","40.0","1","12.0","28.0"
"CR","2003","14","2003-01-14 00:00:00","1","10","0.4","","1.0","42.0","1","0.0","42.0"
"CR","2003","57","2003-02-26 00:00:00","1","10","9.2","","3.0","61.0","1","0.0","61.0"
"CR","2003","94","2003-04-04 00:00:00","1","10","8.3","","8.0","56.0","1","8.0","48.0"
"CR","2004","13","2004-01-13 00:00:00","1","10","6.3","","2.0","40.0","1","8.0","32.0"
"CR","2004","55","2004-02-24 00:00:00","1","10","46.6","","-8.0","42.0","1","7.0","35.0"
"CR","2004","92","2004-04-01 00:00:00","1","10","1.6","","2.0","43.0","1","10.0","33.0"
"CR","2005","13","2005-01-13 00:00:00","1","10","4.6","","2.0","34.0","1","2.0","32.0"
"CR","2005","47","2005-02-16 00:00:00","1","10","5.7","","5.0","49.0","1","7.0","42.0"
"CR","2005","96","2005-04-06 00:00:00","1","1","0.0","","2.0","41.0","1","0.0","41.0"
"CR","2006","9","2006-01-09 00:00:00","1","10","20.2","","-3.0","25.0","1","1.0","24.0"
"CR","2006","47","2006-02-16 00:00:00","1","10","11.5","","2.0","42.0","1","21.0","21.0"
"CR","2006","89","2006-03-30 00:00:00","1","1","0.0","","2.0","45.0","1","26.0","19.0"
"CR","2007","19","2007-01-19 00:00:00","1","10","7.8","","-2.0","28.0","1","1.0","27.0"
"CR","2007","53","2007-02-22 00:00:00","1","10","4.6","","2.0","42.0","1","3.0","39.0"
"CR","2007","88","2007-03-29 00:00:00","1","1","0.0","","2.0","24.0","1","0.0","24.0"
"CR","2008","29","2008-01-29 00:00:00","1","10","15.2","","-2.0","31.0","1","10.0","21.0"
"CR","2008","64","2008-03-04 00:00:00","1","10","21.1","","0.0","50.0","1","13.0","37.0"
"CR","2008","91","2008-03-31 00:00:00","1","10","12.9","","0.0","54.0","1","17.0","37.0"
"CR","2009","21","2009-01-21 00:00:00","1","10","17.2","","1.0","43.0","1","10.0","33.0"
"CR","2009","56","2009-02-25 00:00:00","1","10","4.7","","4.0","54.0","1","14.0","40.0"
"CR","2009","84","2009-03-25 00:00:00","1","1","0.0","","3.0","44.0","1","4.0","40.0"
"CR","2010","15","2010-01-15 00:00:00","1","10","17.4","","-9.0","15.0","1","6.0","9.0"
"CR","2010","54","2010-02-23 00:00:00","1","10","12.0","","2.0","39.0","1","19.0","20.0"
"CR","1982","22","1982-01-22 00:00:00","1","10","7.7","3.1","3.0","49.3","1","10.0","39.3"
"CR","1982","60","1982-03-01 00:00:00","1","10","11.6","2.8","1.0","59.8","1","12.9","46.9"
"CR","1982","98","1982-04-08 00:00:00","1","10","4.6","2.6","7.0","67.9","1","13.1","54.8"
"CR","1983","14","1983-01-14 00:00:00","1","10","27.6","2.9","0.0","31.0","1","3.0","28.0"
"CR","1983","52","1983-02-21 00:00:00","1","10","14.6","5.0","0.0","38.5","1","8.0","30.5"
"CR","1983","89","1983-03-30 00:00:00","1","9","12.3","0.9","0.0","39.0","1","7.0","32.0"
"CR","1984","5","1984-01-05 00:00:00","1","10","13.8","5.0","","22.8","1","3.1","19.7"
"CR","1984","60","1984-02-29 00:00:00","1","10","0.8","1.3","5.0","45.0","1","13.0","32.0"
"CR","1984","103","1984-04-12 00:00:00","1","1","0.0","0.0","1.0","38.0","1","38.0","0.0"
"CR","1985","10","1985-01-10 00:00:00","1","10","8.0","0.5","2.0","35.0","1","6.0","29.0"
"CR","1985","59","1985-02-28 00:00:00","1","10","13.6","2.2","1.0","48.0","1","4.0","44.0"
"CR","1985","87","1985-03-28 00:00:00","1","1","0.0","","6.0","48.0","1","5.0","43.0"
"CR","1985","101","1985-04-11 00:00:00","1","1","0.0","","7.0","53.0","1","53.0",""
"CR","1986","15","1986-01-15 00:00:00","1","10","16.7","1.6","3.0","28.0","1","8.0","20.0"
"CR","1986","92","1986-04-02 00:00:00","1","1","0.0","","3.0","28.0","1","5.0","23.0"
"CR","1987","14","1987-01-14 00:00:00","1","10","6.1","1.7","0.0","27.0","1","3.0","24.0"
"CR","1987","56","1987-02-25 00:00:00","1","10","16.6","1.4","-4.0","31.0","1","4.0","27.0"
"CR","1987","84","1987-03-25 00:00:00","1","1","0.0","","0.0","18.0","","18.0","0.0"
"CR","1988","19","1988-01-19 00:00:00","1","10","3.8","1.0","1.0","35.0","1","29.5","5.5"
"CR","1988","62","1988-03-02 00:00:00","1","10","9.4","2.5","1.0","55.0","2","47.0","8.0"
"CR","1988","96","1988-04-05 00:00:00","1","1","0.0","","4.0","48.0","2","4.0","44.0"
"CR","1989","18","1989-01-18 00:00:00","1","10","24.7","","0.0","37.5","1","8.0","29.5"
"CR","1989","51","1989-02-20 00:00:00","1","10","14.2","","0.0","43.3","1","7.0","36.3"
"CR","1989","88","1989-03-29 00:00:00","1","10","","","6.0","49.5","1","9.0","40.5"
"CR","1990","15","1990-01-15 00:00:00","1","10","20.1","","-1.0","30.0","1","3.0","27.0"
"CR","1990","50","1990-02-19 00:00:00","1","10","12.0","","1.0","49.0","1","19.0","30.0"
"CR","1990","88","1990-03-29 00:00:00","1","1","0.0","","2.0","31.0","1","7.0","24.0"
"CR","1991","14","1991-01-14 00:00:00","1","10","11.7","","1.0","36.0","1","3.0","33.0"
"CR","1991","52","1991-02-21 00:00:00","1","10","9.2","","1.0","45.0","1","4.0","41.0"
"CR","1991","85","1991-03-26 00:00:00","1","1","0.0","","1.0","42.0","1","16.0","26.0"
"CR","1992","13","1992-01-13 00:00:00","1","10","12.9","","0.0","30.0","1","7.0","23.0"
"CR","1992","55","1992-02-24 00:00:00","1","10","25.1","","-10.0","36.0","1","7.0","29.0"
"CR","1992","86","1992-03-26 00:00:00","1","10","1.7","","3.0","47.0","1","14.0","33.0"
"CR","1993","7","1993-01-07 00:00:00","1","10","11.5","","1.0","34.5","1","5.5","29.0"
"CR","1993","54","1993-02-23 00:00:00","1","10","12.6","","5.0","49.0","1","14.5","34.5"
"CR","1993","83","1993-03-24 00:00:00","1","10","4.8","","3.5","58.0","1","18.0","40.0"
"CR","1994","12","1994-01-12 00:00:00","1","10","20.1","","-5.0","20.0","1","0.0","20.0"
"CR","1994","52","1994-02-21 00:00:00","1","1","0.0","","1.0","39.0","1","10.0","29.0"
"CR","1994","96","1994-04-06 00:00:00","1","10","3.1","","1.0","41.0","1","6.0","35.0"
"CR","1995","13","1995-01-13 00:00:00","1","10","1.7","","0.5","32.5","1","1.0","31.5"
"CR","1995","44","1995-02-13 00:00:00","1","10","8.7","","3.0","45.0","1","2.0","43.0"
"CR","1995","82","1995-03-23 00:00:00","1","10","0.6","","1.0","32.0","1","32.0","0.0"
"CR","1996","23","1996-01-23 00:00:00","1","10","23.3","","-10.0","34.0","1","6.0","28.0"
"CR","1996","50","1996-02-19 00:00:00","1","10","13.3","","3.0","57.0","1","36.0","21.0"
"CR","1996","101","1996-04-10 00:00:00","1","10","19.7","","0.0","64.0","1","36.0","28.0"
"CR","1997","23","1997-01-23 00:00:00","1","10","5.3","","1.0","43.0","1","27.0","16.0"
"CR","1997","49","1997-02-18 00:00:00","1","10","21.8","","-2.0","38.0","1","27.0","11.0"
"CR","1997","90","1997-03-31 00:00:00","1","10","1.2","","4.0","55.0","1","37.0","18.0"
"CR","1998","14","1998-01-14 00:00:00","1","10","15.4","","-2.0","28.0","1","4.0","24.0"
"CR","1998","47","1998-02-16 00:00:00","1","10","4.5","","0.0","40.0","1","17.0","23.0"
"CR","1998","77","1998-03-18 00:00:00","1","10","9.9","","2.0","38.0","1","12.0","26.0"
"CR","1999","19","1999-01-19 00:00:00","1","10","22.0","","-5.0","29.0","1","0.0","29.0"
"CR","1999","53","1999-02-22 00:00:00","1","10","8.0","","2.0","42.0","1","13.0","29.0"
"CR","1999","78","1999-03-19 00:00:00","1","10","3.0","","3.0","50.0","1","12.0","38.0"
"FI","2000","27","2000-01-27 00:00:00","1","5","4.0","","","27.0","1","",""
"FI","2001","9","2001-01-09 00:00:00","1","5","7.4","","","26.0","1","15.0","11.0"
"FI","2003","27","2003-01-27 00:00:00","1","1","0.0","","0.0","40.0","1","40.0","0.0"
"FI","2004","42","2004-02-11 00:00:00","1","5","10.0","","1.0","35.0","1","20.0","15.0"
"FI","2005","42","2005-02-11 00:00:00","1","5","10.0","","0.0","40.0","1","2.0","38.0"
"FI","2006","60","2006-03-01 00:00:00","1","5","4.0","","2.0","33.0","1","2.0","31.0"
"FI","2007","66","2007-03-07 00:00:00","1","5","13.0","","0.0","39.0","1","10.0","29.0"
"FI","2008","53","2008-02-22 00:00:00","1","10","11.8","","1.0","40.0","1","17.0","23.0"
"FI","2009","23","2009-01-23 00:00:00","1","5","10.0","","1.0","35.0","1","8.0","27.0"
"FI","2010","50","2010-02-19 00:00:00","1","5","8.0","","1.0","41.0","1","0.0","41.0"
"FI","1996","39","1996-02-08 00:00:00","1","5","6.0","","","","","",""
"FI","1997","15","1997-01-15 00:00:00","1","5","10.0","","","32.0","1","",""
"FI","1997","52","1997-02-21 00:00:00","1","5","3.0","","","31.0","1","",""
"FI","1998","29","1998-01-29 00:00:00","1","5","41.7","","","12.0","1","",""
"FI","1999","28","1999-01-28 00:00:00","1","1","0.0","","","30.0","1","",""
"FI","1999","56","1999-02-25 00:00:00","1","5","6.0","","","21.0","1","",""
"ME","2000","24","2000-01-24 00:00:00","1","5","1.0","","1.0","17.0","1","",""
"ME","2000","59","2000-02-28 00:00:00","1","1","0.0","","","16.0","1","",""
"ME","2001","17","2001-01-17 00:00:00","1","5","5.4","","","25.0","1","10.0","15.0"
"ME","2001","66","2001-03-07 00:00:00","1","1","0.0","","","50.0","1","10.0","40.0"
"ME","2003","21","2003-01-21 00:00:00","1","1","0.0","","0.0","25.0","1","0.0","25.0"
"ME","2004","34","2004-02-03 00:00:00","1","5","5.0","","","64.0","1","","64.0"
"ME","2005","31","2005-01-31 00:00:00","1","5","","","0.5","25.0","1","0.0","25.0"
"ME","2006","65","2006-03-06 00:00:00","1","5","15.0","","-1.0","25.0","1","10.0","15.0"
"ME","2007","50","2007-02-19 00:00:00","1","5","3.6","","1.0","45.0","1","0.0","45.0"
"ME","2008","44","2008-02-13 00:00:00","1","5","18.0","","0.0","32.0","1","2.0","30.0"
"ME","2009","21","2009-01-21 00:00:00","1","5","8.0","","0.0","40.0","1","8.0","32.0"
"ME","2010","32","2010-02-01 00:00:00","1","1","0.0","","3.0","35.0","1","0.0","35.0"
"ME","1996","37","1996-02-06 00:00:00","1","5","12.0","","","46.0","1","",""
"ME","1997","14","1997-01-14 00:00:00","1","5","4.0","","","31.0","1","",""
"ME","1997","48","1997-02-17 00:00:00","1","5","5.0","","","45.0","1","",""
"ME","1998","37","1998-02-06 00:00:00","1","5","2.0","","","","","",""
"ME","1999","25","1999-01-25 00:00:00","1","5","3.0","","","30.0","1","",""
"ME","1999","53","1999-02-22 00:00:00","1","1","0.0","","","25.0","1","",""
"MO","2000","25","2000-01-25 00:00:00","1","5","3.0","","","19.0","1","",""
"MO","2001","15","2001-01-15 00:00:00","1","5","10.0","","","27.0","1","11.0","16.0"
"MO","2003","44","2003-02-13 00:00:00","1","5","2.5","","0.0","40.0","1","0.0","40.0"
"MO","2004","48","2004-02-17 00:00:00","1","5","9.8","","0.5","32.5","1","12.5","20.0"
"MO","2005","34","2005-02-03 00:00:00","1","5","2.2","","0.5","40.0","1","15.0","25.0"
"MO","2007","57","2007-02-26 00:00:00","1","5","15.0","","-2.0","39.0","1","1.0","38.0"
"MO","2008","63","2008-03-03 00:00:00","1","1","0.0","","2.0","50.0","1","12.0","38.0"
"MO","2009","36","2009-02-05 00:00:00","1","5","6.0","","1.0","44.0","1","4.0","40.0"
"MO","2010","34","2010-02-03 00:00:00","1","5","8.0","","3.0","33.0","1","0.0","33.0"
"MO","1996","37","1996-02-06 00:00:00","1","5","13.0","","","38.0","1","",""
"MO","1997","14","1997-01-14 00:00:00","1","5","4.0","","","30.0","1","",""
"MO","1997","48","1997-02-17 00:00:00","1","5","35.0","","","42.0","1","",""
"MO","1999","27","1999-01-27 00:00:00","1","1","0.0","","","26.0","1","",""
"MO","1999","54","1999-02-23 00:00:00","1","1","0.0","","","19.0","1","",""
"SP","2000","18","2000-01-18 00:00:00","1","10","18.9","","-2.5","27.5","1","0.5","27.0"
"SP","2000","53","2000-02-22 00:00:00","1","10","27.6","","-4.0","36.0","1","2.0","34.0"
"SP","2001","22","2001-01-22 00:00:00","1","10","20.7","","-4.0","32.0","1","10.0","22.0"
"SP","2001","59","2001-02-28 00:00:00","1","10","15.7","","0.0","44.0","1","23.0","21.0"
"SP","2001","93","2001-04-03 00:00:00","1","10","2.2","","2.0","45.0","1","32.0","13.0"
"SP","2002","16","2002-01-16 00:00:00","1","10","5.1","","0.0","16.5","1","4.0","12.5"
"SP","2002","59","2002-02-28 00:00:00","1","10","1.6","","2.0","38.0","1","11.0","27.0"
"SP","2002","91","2002-04-01 00:00:00","1","10","15.0","","0.0","54.0","1","21.0","33.0"
"SP","2003","15","2003-01-15 00:00:00","1","10","1.0","","4.0","45.0","1","0.0","45.0"
"SP","2003","65","2003-03-06 00:00:00","1","10","17.5","","1.0","61.0","1","0.0","61.0"
"SP","2003","92","2003-04-02 00:00:00","1","10","7.5","","1.0","48.0","1","0.0","48.0"
"SP","2004","12","2004-01-12 00:00:00","1","10","10.0","","0.0","37.0","1","8.0","29.0"
"SP","2004","49","2004-02-18 00:00:00","1","10","29.7","","-3.0","42.0","1","7.0","35.0"
"SP","2004","98","2004-04-07 00:00:00","1","1","0.0","","2.0","39.0","1","6.0","33.0"
"SP","2005","19","2005-01-19 00:00:00","1","10","11.2","","0.0","43.0","1","0.0","43.0"
"SP","2005","56","2005-02-25 00:00:00","1","10","10.0","","1.0","54.0","1","5.0","49.0"
"SP","2005","96","2005-04-06 00:00:00","1","1","0.0","","2.0","42.0","1","0.0","42.0"
"SP","2006","17","2006-01-17 00:00:00","1","10","12.5","","0.0","29.0","1","6.0","23.0"
"SP","2006","44","2006-02-13 00:00:00","1","10","23.6","","-5.0","33.0","1","12.0","21.0"
"SP","2006","90","2006-03-31 00:00:00","1","1","0.0","","3.0","41.0","1","21.0","20.0"
"SP","2007","15","2007-01-15 00:00:00","1","10","6.8","","2.0","29.0","1","8.0","21.0"
"SP","2007","51","2007-02-20 00:00:00","1","10","8.7","","2.0","42.0","1","5.0","37.0"
"SP","2007","87","2007-03-28 00:00:00","1","1","0.0","","2.0","27.0","1","0.0","27.0"
"SP","2008","17","2008-01-17 00:00:00","1","10","11.1","","1.0","33.0","1","8.0","25.0"
"SP","2008","63","2008-03-03 00:00:00","1","10","18.9","","0.0","48.0","1","13.0","35.0"
"SP","2008","87","2008-03-27 00:00:00","1","10","16.1","","-5.0","50.0","1","6.0","44.0"
"SP","2008","123","2008-05-02 00:00:00","1","1","0.0","","0.0","0.0","1","0.0","0.0"
"SP","2009","20","2009-01-20 00:00:00","1","10","17.8","","1.0","45.0","1","6.0","39.0"
"SP","2009","55","2009-02-24 00:00:00","1","10","3.6","","4.0","55.0","1","9.0","46.0"
"SP","2009","79","2009-03-20 00:00:00","1","1","0.0","","4.0","56.0","1","5.0","51.0"
"SP","2010","12","2010-01-12 00:00:00","1","10","5.7","","2.0","32.0","1","17.0","15.0"
"SP","2010","42","2010-02-11 00:00:00","1","10","9.4","","1.0","46.0","1","14.0","32.0"
"SP","1982","20","1982-01-20 00:00:00","1","10","4.3","3.0","6.8","43.0","1","22.5","20.5"
"SP","1982","55","1982-02-24 00:00:00","1","10","13.4","2.1","1.7","49.2","1","29.3","19.9"
"SP","1982","95","1982-04-05 00:00:00","1","10","4.0","1.8","4.0","51.0","1","24.7","26.3"
"SP","1983","13","1983-01-13 00:00:00","1","10","24.0","0.8","0.0","27.0","1","1.0","26.0"
"SP","1983","55","1983-02-24 00:00:00","1","1","1.0","","0.0","29.0","1","1.0","28.0"
"SP","1983","87","1983-03-28 00:00:00","1","10","9.5","1.3","0.0","39.0","1","8.0","31.0"
"SP","1984","6","1984-01-06 00:00:00","1","10","2.7","1.1","","36.2","1","11.8","24.4"
"SP","1984","58","1984-02-27 00:00:00","1","10","1.0","1.8","4.0","47.5","1","15.0","32.5"
"SP","1984","101","1984-04-10 00:00:00","1","1","0.0","0.0","2.5","44.5","1","5.0","39.5"
"SP","1985","11","1985-01-11 00:00:00","1","10","8.8","1.0","1.0","28.7","1","3.0","25.7"
"SP","1985","58","1985-02-27 00:00:00","1","10","11.7","3.2","3.5","48.0","1","4.0","44.0"
"SP","1985","85","1985-03-26 00:00:00","1","10","0.5","0.5","5.0","56.0","1","12.0","44.0"
"SP","1985","101","1985-04-11 00:00:00","1","1","0.0","","5.0","50.0","1","50.0",""
"SP","1986","14","1986-01-14 00:00:00","1","10","17.5","1.8","1.0","29.0","1","6.0","23.0"
"SP","1986","58","1986-02-27 00:00:00","1","10","17.7","2.8","-2.0","51.0","1","34.0","17.0"
"SP","1987","14","1987-01-14 00:00:00","1","10","3.5","0.7","0.0","24.0","1","0.0","24.0"
"SP","1987","55","1987-02-24 00:00:00","1","10","13.4","1.8","0.0","41.0","1","0.0","41.0"
"SP","1987","83","1987-03-24 00:00:00","1","1","0.0","","3.0","34.0","","34.0","0.0"
"SP","1988","19","1988-01-19 00:00:00","1","10","2.8","1.6","4.0","35.0","1","16.0","19.0"
"SP","1988","60","1988-02-29 00:00:00","1","10","10.4","5.1","0.0","54.0","2","51.0","3.0"
"SP","1988","95","1988-04-04 00:00:00","1","1","0.0","","6.0","58.0","2","9.5","48.5"
"SP","1989","12","1989-01-12 00:00:00","1","10","18.3","","-2.8","33.0","1","0.0","33.0"
"SP","1989","54","1989-02-23 00:00:00","1","10","7.9","","5.0","58.5","1","17.5","41.0"
"SP","1989","88","1989-03-29 00:00:00","1","10","","","4.5","50.0","1","5.0","45.0"
"SP","1990","17","1990-01-17 00:00:00","1","10","15.9","","-5.0","36.0","1","","36.0"
"SP","1990","50","1990-02-19 00:00:00","1","10","15.9","","1.0","51.0","1","10.0","41.0"
"SP","1990","87","1990-03-28 00:00:00","1","1","0.0","","3.0","39.0","1","4.0","35.0"
"SP","1991","16","1991-01-16 00:00:00","1","10","8.8","","1.0","38.0","1","5.0","33.0"
"SP","1991","50","1991-02-19 00:00:00","1","10","8.6","","2.0","55.0","1","5.0","50.0"
"SP","1991","84","1991-03-25 00:00:00","1","1","0.0","","3.0","53.0","1","3.0","50.0"
"SP","1992","14","1992-01-14 00:00:00","1","10","11.3","","0.0","30.0","1","7.0","23.0"
"SP","1992","61","1992-03-01 00:00:00","1","10","22.5","","4.0","41.0","1","7.0","34.0"
"SP","1992","87","1992-03-27 00:00:00","1","10","0.4","","2.0","52.0","1","10.0","42.0"
"SP","1993","13","1993-01-13 00:00:00","1","10","19.0","","1.0","36.5","1","6.0","30.5"
"SP","1993","60","1993-03-01 00:00:00","1","10","2.7","","3.5","60.5","1","21.5","39.0"
"SP","1993","81","1993-03-22 00:00:00","1","10","9.1","","3.0","56.0","1","23.0","33.0"
"SP","1994","12","1994-01-12 00:00:00","1","10","6.8","","1.0","30.0","1","10.0","20.0"
"SP","1994","52","1994-02-21 00:00:00","1","1","0.0","","2.0","39.0","1","6.0","33.0"
"SP","1994","87","1994-03-28 00:00:00","1","10","15.5","","1.0","44.0","1","0.0","44.0"
"SP","1995","9","1995-01-09 00:00:00","1","10","2.1","","2.0","30.0","1","2.0","28.0"
"SP","1995","51","1995-02-20 00:00:00","1","10","15.5","","2.0","42.0","1","1.0","41.0"
"SP","1995","83","1995-03-24 00:00:00","1","10","1.0","","1.0","34.0","1","0.0","34.0"
"SP","1996","24","1996-01-24 00:00:00","1","10","11.0","","1.5","51.0","1","22.0","29.0"
"SP","1996","52","1996-02-21 00:00:00","1","10","11.7","","0.0","53.0","1","26.0","27.0"
"SP","1996","92","1996-04-01 00:00:00","1","10","18.2","","0.0","70.0","1","32.0","38.0"
"SP","1997","14","1997-01-14 00:00:00","1","10","11.0","","1.0","37.0","1","26.0","11.0"
"SP","1997","48","1997-02-17 00:00:00","1","10","24.5","","-2.0","40.0","1","26.0","14.0"
"SP","1997","84","1997-03-25 00:00:00","1","10","31.0","","-5.0","44.0","1","31.0","13.0"
"SP","1998","12","1998-01-12 00:00:00","1","10","17.5","","0.0","26.0","1","0.0","26.0"
"SP","1998","54","1998-02-23 00:00:00","1","1","0.0","","2.0","35.0","1","11.0","24.0"
"SP","1998","77","1998-03-18 00:00:00","1","10","8.5","","2.0","37.0","1","8.0","29.0"
"SP","1999","18","1999-01-18 00:00:00","1","10","22.9","","-4.0","26.0","1","0.0","26.0"
"SP","1999","54","1999-02-23 00:00:00","1","10","9.0","","1.0","41.0","1","14.0","27.0"
"SP","1999","83","1999-03-24 00:00:00","1","10","1.0","","4.0","53.0","1","17.0","36.0"
"TB","2000","27","2000-01-27 00:00:00","1","10","16.1","","0.0","27.0","1","12.0","15.0"
"TB","2000","52","2000-02-21 00:00:00","1","10","28.4","","-14.0","21.0","1","14.0","7.0"
"TB","2001","24","2001-01-24 00:00:00","1","10","13.5","","-12.0","23.0","1","9.0","14.0"
"TB","2001","50","2001-02-19 00:00:00","1","10","22.1","","0.0","38.0","1","27.0","11.0"
"TB","2001","93","2001-04-03 00:00:00","1","10","3.9","","3.0","47.0","1","39.0","8.0"
"TB","2002","17","2002-01-17 00:00:00","1","10","11.0","","2.0","17.0","1","0.0","17.0"
"TB","2002","65","2002-03-06 00:00:00","1","10","7.8","","2.0","38.0","1","18.0","20.0"
"TB","2002","102","2002-04-12 00:00:00","1","1","0.0","","5.0","51.0","1","27.0","24.0"
"TB","2003","35","2003-02-04 00:00:00","1","10","29.8","","0.0","41.0","1","5.0","36.0"
"TB","2003","51","2003-02-20 00:00:00","1","10","20.6","","-2.0","42.0","1","5.0","37.0"
"TB","2003","92","2003-04-02 00:00:00","1","10","1.6","","2.0","40.0","1","2.0","38.0"
"TB","2004","21","2004-01-21 00:00:00","1","10","22.0","","-2.0","32.0","1","11.0","21.0"
"TB","2004","50","2004-02-19 00:00:00","1","10","16.6","","1.0","50.0","1","28.0","22.0"
"TB","2004","89","2004-03-29 00:00:00","1","10","3.9","","2.0","54.0","1","28.0","26.0"
"TB","2005","20","2005-01-20 00:00:00","1","10","25.0","","-1.0","31.0","1","15.0","16.0"
"TB","2005","46","2005-02-15 00:00:00","1","10","12.2","","3.0","42.0","1","25.0","17.0"
"TB","2005","90","2005-03-31 00:00:00","1","10","1.3","","2.0","44.0","1","20.0","24.0"
"TB","2006","12","2006-01-12 00:00:00","1","10","8.6","","0.0","26.0","1","21.0","5.0"
"TB","2006","53","2006-02-22 00:00:00","1","10","15.1","","2.0","38.0","1","38.0","0.0"
"TB","2006","88","2006-03-29 00:00:00","1","10","0.5","","3.0","47.0","1","47.0","0.0"
"TB","2007","23","2007-01-23 00:00:00","1","10","10.6","","1.0","28.0","1","12.0","16.0"
"TB","2007","52","2007-02-21 00:00:00","1","10","13.3","","2.0","36.0","1","13.0","23.0"
"TB","2007","86","2007-03-27 00:00:00","1","1","0.0","","0.0","25.0","1","2.0","23.0"
"TB","2008","28","2008-01-28 00:00:00","1","10","14.7","","0.0","34.0","1","19.0","15.0"
"TB","2008","56","2008-02-25 00:00:00","1","10","22.2","","-1.0","42.0","1","23.0","19.0"
"TB","2008","87","2008-03-27 00:00:00","1","10","12.3","","1.0","53.0","1","35.0","18.0"
"TB","2009","22","2009-01-22 00:00:00","1","10","26.2","","-2.0","32.0","1","18.0","14.0"
"TB","2009","48","2009-02-17 00:00:00","1","10","6.2","","4.0","48.0","1","23.0","25.0"
"TB","2009","84","2009-03-25 00:00:00","1","1","0.0","","3.0","42.0","1","24.0","18.0"
"TB","2010","14","2010-01-14 00:00:00","1","10","12.0","","1.0","24.0","1","18.0","6.0"
"TB","2010","53","2010-02-22 00:00:00","1","10","18.8","","0.0","33.0","1","17.0","16.0"
"TB","1982","27","1982-01-27 00:00:00","1","10","25.8","1.3","0.0","32.5","1","12.1","20.4"
"TB","1982","62","1982-03-03 00:00:00","1","10","9.1","0.8","5.5","39.3","1","32.7","6.6"
"TB","1982","96","1982-04-06 00:00:00","1","10","8.2","0.4","0.0","52.0","1","41.0","11.0"
"TB","1982","334","1982-11-30 00:00:00","1","10","0.5","0.0","0.0","11.0","1","0.0","11.0"
"TB","1983","10","1983-01-10 00:00:00","1","10","27.9","0.8","0.0","17.0","1","8.0","9.0"
"TB","1983","53","1983-02-22 00:00:00","1","10","0.5","0.4","0.0","31.0","1","15.0","16.0"
"TB","1983","83","1983-03-24 00:00:00","1","10","10.1","0.5","1.0","30.0","1","8.0","22.0"
"TB","1983","318","1983-11-14 00:00:00","1","0","","","","2.0","1","",""
"TB","1984","3","1984-01-03 00:00:00","1","10","8.1","1.2","","35.3","1","13.2","22.1"
"TB","1984","59","1984-02-28 00:00:00","1","10","2.3","0.3","5.0","46.0","1","22.0","24.0"
"TB","1984","95","1984-04-04 00:00:00","1","1","0.0","0.0","2.0","46.0","1","14.0","32.0"
"TB","1985","15","1985-01-15 00:00:00","1","10","14.8","0.5","0.0","26.0","1","6.0","20.0"
"TB","1985","58","1985-02-27 00:00:00","1","10","5.4","0.6","3.0","31.0","1","7.0","24.0"
"TB","1985","84","1985-03-25 00:00:00","1","10","2.5","1.4","2.0","47.0","1","18.0","29.0"
"TB","1985","100","1985-04-10 00:00:00","1","1","0.0","","5.0","48.0","1","24.0",""
"TB","1986","10","1986-01-10 00:00:00","1","10","19.2","0.9","0.0","25.0","1","10.0","15.0"
"TB","1986","56","1986-02-25 00:00:00","1","10","26.0","0.0","2.0","40.0","1","34.0","6.0"
"TB","1986","90","1986-03-31 00:00:00","1","4","0.8","1.5","-3.0","28.0","1","22.0","6.0"
"TB","1987","15","1987-01-15 00:00:00","1","10","15.4","0.7","0.0","23.0","1","20.0","3.0"
"TB","1987","54","1987-02-23 00:00:00","1","10","10.1","0.6","1.0","37.0","1","14.0","23.0"
"TB","1987","79","1987-03-20 00:00:00","1","1","0.0","","1.0","35.0","","17.0","18.0"
"TB","1988","14","1988-01-14 00:00:00","1","10","15.6","0.8","0.0","23.0","1","15.0","8.0"
"TB","1988","61","1988-03-01 00:00:00","1","10","9.4","0.5","2.0","44.0","1","33.0","11.0"
"TB","1988","83","1988-03-23 00:00:00","1","10","4.9","0.5","3.0","51.0","3","18.0","33.0"
"TB","1989","17","1989-01-17 00:00:00","1","10","21.4","","0.0","31.0","1","13.5","17.5"
"TB","1989","65","1989-03-06 00:00:00","1","10","33.8","","-1.3","46.2","1","24.0","22.2"
"TB","1989","86","1989-03-27 00:00:00","1","10","","","5.0","58.5","1","36.5","22.0"
"TB","1990","15","1990-01-15 00:00:00","1","10","9.5","","-13.5","27.5","1","7.5","20.0"
"TB","1990","59","1990-02-28 00:00:00","1","10","22.2","","0.0","50.0","1","30.0","20.0"
"TB","1990","86","1990-03-27 00:00:00","1","1","0.0","","3.5","41.0","1","24.5","16.5"
"TB","1991","16","1991-01-16 00:00:00","1","10","22.0","","-2.0","24.0","1","0.0","24.0"
"TB","1991","51","1991-02-20 00:00:00","1","10","12.5","","1.0","39.0","1","11.0","28.0"
"TB","1991","80","1991-03-21 00:00:00","1","1","0.0","","0.0","47.0","1","15.0","32.0"
"TB","1992","15","1992-01-15 00:00:00","1","10","14.9","","0.0","26.0","1","14.0","12.0"
"TB","1992","57","1992-02-26 00:00:00","1","10","31.0","","-2.0","40.0","1","28.0","12.0"
"TB","1992","83","1992-03-23 00:00:00","1","10","5.2","","3.0","44.0","1","3.0","41.0"
"TB","1993","14","1993-01-14 00:00:00","1","10","16.5","","1.0","29.5","1","17.0","12.5"
"TB","1993","55","1993-02-24 00:00:00","1","10","10.2","","2.5","49.0","1","32.0","17.0"
"TB","1993","82","1993-03-23 00:00:00","1","10","8.5","","5.0","50.5","1","31.5","19.0"
"TB","1994","17","1994-01-17 00:00:00","1","10","13.1","","-13.0","20.0","1","6.0","14.0"
"TB","1994","55","1994-02-24 00:00:00","1","10","2.7","","5.0","46.0","1","26.0","20.0"
"TB","1994","87","1994-03-28 00:00:00","1","10","11.0","","0.0","36.0","1","17.0","19.0"
"TB","1995","12","1995-01-12 00:00:00","1","10","6.3","","0.5","31.0","1","3.5","27.5"
"TB","1995","45","1995-02-14 00:00:00","1","10","16.0","","0.0","36.5","1","5.0","31.5"
"TB","1995","79","1995-03-20 00:00:00","1","10","2.8","","1.5","36.0","1","31.0","5.0"
"TB","1995","313","1995-11-09 00:00:00","1","10","","","","2.5","1","0.0","2.5"
"TB","1996","17","1996-01-17 00:00:00","1","10","24.8","","-2.0","28.0","1","5.0","23.0"
"TB","1996","52","1996-02-21 00:00:00","1","10","15.3","","1.0","50.0","1","7.0","43.0"
"TB","1996","93","1996-04-02 00:00:00","1","10","29.3","","-11.0","57.0","1","26.0","31.0"
"TB","1997","21","1997-01-21 00:00:00","1","10","18.3","","0.5","44.0","1","29.0","15.0"
"TB","1997","49","1997-02-18 00:00:00","1","10","16.2","","0.0","55.0","1","39.0","16.0"
"TB","1997","83","1997-03-24 00:00:00","1","10","24.4","","0.0","57.0","1","57.0","0.0"
"TB","1998","19","1998-01-19 00:00:00","1","10","24.4","","-12.0","21.0","1","6.0","15.0"
"TB","1998","49","1998-02-18 00:00:00","1","10","2.5","","1.0","39.0","1","22.0","17.0"
"TB","1998","75","1998-03-16 00:00:00","1","10","6.5","","2.0","34.0","1","21.0","13.0"
"TB","1999","22","1999-01-22 00:00:00","1","10","21.1","","-1.0","30.0","1","9.0","21.0"
"TB","1999","55","1999-02-24 00:00:00","1","10","16.4","","2.0","44.0","1","44.0","0.0"
"TB","1999","82","1999-03-23 00:00:00","1","10","4.2","","3.0","43.0","1","33.0","10.0"
"TR","2000","19","2000-01-19 00:00:00","2","10","15.9","","-1.0","35.0","1","0.0","35.0"
"TR","2000","55","2000-02-24 00:00:00","2","10","17.8","","-6.0","40.0","1","0.0","40.0"
"TR","2001","25","2001-01-25 00:00:00","2","10","8.0","","0.0","32.0","1","16.0","16.0"
"TR","2001","58","2001-02-27 00:00:00","2","10","14.2","","0.0","45.0","1","25.0","20.0"
"TR","2001","96","2001-04-06 00:00:00","2","10","1.0","","4.0","47.0","1","24.0","23.0"
"TR","2002","21","2002-01-21 00:00:00","2","10","3.9","","1.0","24.0","1","0.0","24.0"
"TR","2002","56","2002-02-25 00:00:00","2","10","13.8","","-9.0","32.0","1","1.0","31.0"
"TR","2002","93","2002-04-03 00:00:00","2","10","12.3","","2.0","61.0","1","23.0","38.0"
"TR","2003","16","2003-01-16 00:00:00","2","10","1.9","","3.0","45.0","1","0.0","45.0"
"TR","2003","70","2003-03-11 00:00:00","2","10","19.6","","0.0","62.0","1","0.0","62.0"
"TR","2003","93","2003-04-03 00:00:00","2","10","5.7","","3.0","58.0","1","1.0","57.0"
"TR","2004","27","2004-01-27 00:00:00","2","10","16.8","","-1.0","45.0","1","8.0","37.0"
"TR","2004","47","2004-02-16 00:00:00","2","10","22.4","","-3.0","46.0","1","8.0","38.0"
"TR","2004","90","2004-03-30 00:00:00","2","1","0.0","","4.0","52.0","1","12.0","40.0"
"TR","2005","21","2005-01-21 00:00:00","2","10","12.4","","2.0","44.0","1","6.0","38.0"
"TR","2005","62","2005-03-03 00:00:00","2","10","13.9","","2.0","56.0","1","8.0","48.0"
"TR","2005","95","2005-04-05 00:00:00","2","1","0.0","","3.0","43.0","1","3.0","40.0"
"TR","2006","20","2006-01-20 00:00:00","2","10","10.8","","0.0","24.0","1","10.0","14.0"
"TR","2006","45","2006-02-14 00:00:00","2","10","8.2","","1.0","36.0","1","16.0","20.0"
"TR","2006","95","2006-04-05 00:00:00","2","1","0.0","","1.0","32.0","1","8.0","24.0"
"TR","2007","18","2007-01-18 00:00:00","2","10","2.8","","2.0","28.0","1","4.0","24.0"
"TR","2007","57","2007-02-26 00:00:00","2","10","9.5","","3.0","60.0","1","6.0","54.0"
"TR","2007","88","2007-03-29 00:00:00","2","1","0.0","","3.0","41.0","1","0.0","41.0"
"TR","2008","32","2008-02-01 00:00:00","2","10","7.0","","3.0","46.0","1","9.0","37.0"
"TR","2008","58","2008-02-27 00:00:00","2","10","13.4","","1.0","53.0","1","6.0","47.0"
"TR","2008","88","2008-03-28 00:00:00","2","10","8.2","","0.0","61.0","1","8.0","53.0"
"TR","2009","19","2009-01-19 00:00:00","2","10","19.5","","0.0","39.0","1","4.0","35.0"
"TR","2009","47","2009-02-16 00:00:00","2","10","1.7","","2.0","49.0","1","7.0","42.0"
"TR","2009","82","2009-03-23 00:00:00","2","1","0.0","","4.0","51.0","1","0.0","51.0"
"TR","2010","13","2010-01-13 00:00:00","2","10","3.4","","4.0","36.0","1","9.0","27.0"
"TR","2010","41","2010-02-10 00:00:00","2","10","6.7","","3.0","43.0","1","10.0","33.0"
"TR","1982","19","1982-01-19 00:00:00","2","10","3.5","2.6","-1.0","48.0","1","5.0","43.0"
"TR","1982","61","1982-03-02 00:00:00","2","10","9.5","3.6","4.0","60.0","1","17.0","43.0"
"TR","1982","96","1982-04-06 00:00:00","2","10","2.2","1.9","5.5","62.5","1","11.0","51.5"
"TR","1983","10","1983-01-10 00:00:00","2","10","15.8","3.7","","21.2","1","0.0","21.2"
"TR","1983","47","1983-02-16 00:00:00","2","10","7.7","6.7","0.5","42.7","1","18.5","24.2"
"TR","1983","88","1983-03-29 00:00:00","2","10","9.2","3.6","0.0","39.0","1","8.0","31.0"
"TR","1984","9","1984-01-09 00:00:00","2","10","1.4","1.3","","35.6","1","13.0","22.6"
"TR","1984","52","1984-02-21 00:00:00","2","10","4.3","2.3","4.0","54.0","1","13.0","41.0"
"TR","1984","102","1984-04-11 00:00:00","2","1","0.0","0.0","3.0","50.0","1","4.0","46.0"
"TR","1985","8","1985-01-08 00:00:00","2","10","4.0","0.8","1.0","25.0","1","5.0","20.0"
"TR","1985","56","1985-02-25 00:00:00","2","10","7.9","3.2","-0.5","46.0","1","3.0","43.0"
"TR","1985","84","1985-03-25 00:00:00","2","10","3.7","1.4","4.0","58.0","1","15.0","43.0"
"TR","1985","102","1985-04-12 00:00:00","2","1","0.0","","","","","",""
"TR","1986","9","1986-01-09 00:00:00","2","10","7.5","4.6","1.0","40.0","1","3.0","37.0"
"TR","1986","63","1986-03-04 00:00:00","2","10","23.2","3.0","-7.0","47.0","1","7.0","40.0"
"TR","1986","93","1986-04-03 00:00:00","2","1","0.0","","0.0","33.0","1","0.0","33.0"
"TR","1987","13","1987-01-13 00:00:00","2","10","1.8","1.5","3.0","35.0","1","0.0","35.0"
"TR","1987","57","1987-02-26 00:00:00","2","10","11.3","1.7","0.0","48.0","1","0.0","48.0"
"TR","1987","85","1987-03-26 00:00:00","2","1","0.0","","1.0","35.0","","35.0","0.0"
"TR","1988","18","1988-01-18 00:00:00","2","10","6.5","4.2","1.0","36.0","4","1.0","35.0"
"TR","1988","63","1988-03-03 00:00:00","2","10","4.1","3.0","4.0","65.0","1","60.0","5.0"
"TR","1988","98","1988-04-07 00:00:00","2","1","0.0","","4.5","46.0","3","46.0","0.0"
"TR","1989","16","1989-01-16 00:00:00","2","10","20.2","","-2.5","27.0","1","0.0","27.0"
"TR","1989","52","1989-02-21 00:00:00","2","10","3.7","","3.0","55.0","1","2.0","53.0"
"TR","1989","87","1989-03-28 00:00:00","2","10","","","10.0","61.0","1","8.0","53.0"
"TR","1990","16","1990-01-16 00:00:00","2","10","1.0","","6.0","41.0","1","10.0","31.0"
"TR","1990","52","1990-02-21 00:00:00","2","10","16.9","","3.0","48.0","1","15.0","33.0"
"TR","1990","89","1990-03-30 00:00:00","2","1","0.0","","3.0","41.0","1","7.0","34.0"
"TR","1991","15","1991-01-15 00:00:00","2","10","8.1","","0.0","31.0","1","0.0","31.0"
"TR","1991","51","1991-02-20 00:00:00","2","10","9.6","","0.0","48.0","1","0.0","48.0"
"TR","1991","91","1991-04-01 00:00:00","2","10","1.3","","2.0","48.0","1","3.0","45.0"
"TR","1992","14","1992-01-14 00:00:00","2","10","9.0","","2.0","36.0","1","8.0","28.0"
"TR","1992","64","1992-03-04 00:00:00","2","10","15.2","","-4.0","42.0","1","6.0","36.0"
"TR","1992","85","1992-03-25 00:00:00","2","10","3.1","","0.0","49.0","1","12.0","37.0"
"TR","1993","12","1993-01-12 00:00:00","2","10","14.6","","-4.0","28.5","1","2.0","26.5"
"TR","1993","60","1993-03-01 00:00:00","2","10","3.0","","4.0","62.5","1","10.5","52.0"
"TR","1993","81","1993-03-22 00:00:00","2","10","7.2","","5.0","63.0","1","13.0","50.0"
"TR","1994","27","1994-01-27 00:00:00","2","10","16.5","","-1.0","35.0","1","0.0","35.0"
"TR","1994","54","1994-02-23 00:00:00","2","10","1.0","","1.0","44.0","1","0.0","44.0"
"TR","1994","94","1994-04-04 00:00:00","2","10","7.7","","3.0","44.0","1","4.0","40.0"
"TR","1995","10","1995-01-10 00:00:00","2","10","1.5","","3.0","34.5","1","0.0","34.5"
"TR","1995","47","1995-02-16 00:00:00","2","10","8.0","","0.0","46.0","1","0.0","46.0"
"TR","1995","80","1995-03-21 00:00:00","2","10","5.0","","0.0","38.5","1","38.5","0.0"
"TR","1996","26","1996-01-26 00:00:00","2","10","7.2","","","39.0","1","15.0","24.0"
"TR","1996","53","1996-02-22 00:00:00","2","10","13.4","","0.0","57.0","1","20.0","37.0"
"TR","1996","93","1996-04-02 00:00:00","2","10","22.5","","0.0","66.0","1","26.0","40.0"
"TR","1997","24","1997-01-24 00:00:00","2","10","27.6","","-9.5","31.5","1","13.0","18.5"
"TR","1997","52","1997-02-21 00:00:00","2","10","6.0","","2.0","54.0","1","39.0","15.0"
"TR","1997","99","1997-04-09 00:00:00","2","10","0.1","","5.0","41.0","1","11.0","30.0"
"TR","1998","16","1998-01-16 00:00:00","2","10","16.6","","-3.0","23.0","1","0.0","23.0"
"TR","1998","51","1998-02-20 00:00:00","2","1","0.0","","1.0","29.0","1","6.0","23.0"
"TR","1998","79","1998-03-20 00:00:00","2","10","6.5","","0.0","30.0","1","8.0","22.0"
"TR","1999","20","1999-01-20 00:00:00","2","10","16.9","","-1.0","34.0","1","0.0","34.0"
"TR","1999","57","1999-02-26 00:00:00","2","10","8.9","","2.0","47.0","1","17.0","30.0"
"TR","1999","85","1999-03-26 00:00:00","2","10","0.3","","4.0","53.0","1","17.0","36.0"
"WI","2000","26","2000-01-26 00:00:00","1","5","5.0","","","27.0","1","",""
"WI","2000","55","2000-02-24 00:00:00","1","1","0.0","","","28.0","1","",""
"WI","2001","8","2001-01-08 00:00:00","1","5","6.1","","","29.0","1","10.0","19.0"
"WI","2003","28","2003-01-28 00:00:00","1","5","2.5","","0.0","25.0","1","25.0","0.0"
"WI","2004","40","2004-02-09 00:00:00","1","5","11.0","","-1.0","30.5","1","12.5","18.0"
"WI","2005","40","2005-02-09 00:00:00","1","5","3.0","","0.5","38.0","1","8.0","30.0"
"WI","2006","53","2006-02-22 00:00:00","1","5","10.0","","-1.0","13.0","1","13.0","0.0"
"WI","2007","67","2007-03-08 00:00:00","1","5","2.0","","1.0","38.0","1","18.0","20.0"
"WI","2008","49","2008-02-18 00:00:00","1","5","32.6","","-2.0","34.0","1","10.0","24.0"
"WI","2009","47","2009-02-16 00:00:00","1","5","2.0","","0.0","35.0","1","5.0","30.0"
"WI","2010","36","2010-02-05 00:00:00","1","5","4.0","","4.0","45.0","1","5.0","40.0"
"WI","1996","44","1996-02-13 00:00:00","1","","","","","","","",""
"WI","1997","15","1997-01-15 00:00:00","1","5","8.0","","","32.0","1","",""
"WI","1999","26","1999-01-26 00:00:00","1","5","2.0","","","38.0","1","",""
"WI","1999","55","1999-02-24 00:00:00","1","1","0.0","","","16.0","1","",""
